{
  "backend": "cpu",
  "status": "ok",
  "frames_total": 11,
  "frames_measured": 10,
  "dummy_frame": true,
  "cpu": {
    "model": "x86_64",
    "cores": 10,
    "os": "Linux 6.6.87.2-microsoft-standard-WSL2"
  },
  "gpu": null,
  "indicators": {
    "pixel_assets_build_s": 1.2031735410018882,
    "cg_compile_s": 0.5097710539994296,
    "local_compile_s": 0.3448678450004081,
    "prep_s": 3.020110694000323,
    "dic_solve_s": 0.6791234929001803,
    "total_s": 12.609046805002436
  }
}