machine_id,backend,status,A_data_load_s,B_dic_setup_s,C_precompute_s,D_warmup_s,E_solve_total_s,F_strain_s,G_npz_export_s,G_figures_export_s,H_total_s,per_frame_mean_s,per_frame_std_s,per_frame_total_s
dba968e2542d-x86-64__x86-64__cpu,cpu,ok,0.022978,0.062999,25.507618,2.685210,18.397738,0.440108,0.000766,0.000000,47.117739,2.299717,0.455791,18.397738
dba968e2542d-x86-64__nvidia-rtx-2000-ada-generation__gpu,gpu,ok,0.024223,0.057331,20.051989,2.553378,5.980588,0.894120,0.000674,0.000000,29.562599,0.747573,0.634366,5.980588
0b2908a44d39-x86-64__x86-64__cpu,cpu,ok,0.161423,0.131781,27.693090,2.099457,15.355772,0.418870,0.006015,0.000000,45.866851,1.919472,0.385846,15.355772
0b2908a44d39-x86-64__nvidia-rtx-2000-ada-generation-laptop-gpu__gpu,gpu,ok,0.176493,0.148449,27.247831,2.542080,9.750586,0.768588,0.004616,0.000000,40.639391,1.218823,0.571411,9.750586
