Step,CPU_s,GPU_s,Speedup
A: data load,0.076937,0.097048,0.792773
B: mesh + DIC,0.984996,1.231548,0.799803
C: precompute,1.221507,23.457500,0.052073
D: warmup,0.514583,1.732630,0.296995
E: run_dic total,6.035146,15.878341,0.380087
F: strain,0.000000,0.000000,
G: export NPZ,0.007418,0.008767,0.846169
G: export figures,0.000000,0.000000,
H: total,8.840698,42.405942,0.208478
