{
  "backend": "gpu",
  "status": "ok",
  "machine_id": "f5033d9e1fce-x86-64__nvidia-rtx-2000-ada-generation-laptop-gpu__gpu",
  "base_slug": "f5033d9e1fce-x86-64",
  "settings": {
    "DATASET_DIR": "doc/img/PlateHole",
    "NFRAMES": 8,
    "MAX_ITER": 400,
    "TOL": 0.01,
    "EXPORT_NPZ": true,
    "EXPORT_FIGURES": false,
    "RANDOM_SEED": 0,
    "IMAGE_BINNING": 1,
    "INTERPOLATION": "cubic"
  },
  "cpu_info": {
    "model": "x86_64",
    "cores": 10,
    "os": "Linux 6.6.87.2-microsoft-standard-WSL2"
  },
  "gpu_info": {
    "platform": "gpu",
    "device_name": "NVIDIA RTX 2000 Ada Generation Laptop GPU"
  },
  "timings": {
    "A_data_load_s": 0.09704846300000725,
    "B_dic_setup_s": 1.2315483080000007,
    "C_precompute_s": 23.457499731999988,
    "D_warmup_s": 1.7326300539999977,
    "E_solve_total_s": 15.878341204000037,
    "F_strain_s": 0.0,
    "G_npz_export_s": 0.008766877999988765,
    "G_figures_export_s": 0.0,
    "H_total_s": 42.40594154
  },
  "indicators": {
    "indicator_solve_total_s": 15.878341204000037,
    "indicator_prep_s": 26.518726556999994,
    "indicator_frame_mean_s": 1.9847926505000046
  },
  "per_frame_s": [
    3.4407780899999807,
    1.6158063750000053,
    1.6036793780000096,
    1.7221197110000048,
    1.6202353660000028,
    2.378401199000024,
    1.6966781259999948,
    1.8006429590000153
  ],
  "per_frame_mean_s": 1.9847926505000046,
  "per_frame_std_s": 0.5994830754915272,
  "per_frame_total_s": 15.878341204000037
}