{
  "backend": "cpu",
  "status": "ok",
  "machine_id": "f5033d9e1fce-x86-64__x86-64__cpu",
  "base_slug": "f5033d9e1fce-x86-64",
  "settings": {
    "DATASET_DIR": "doc/img/PlateHole",
    "NFRAMES": 8,
    "MAX_ITER": 400,
    "TOL": 0.01,
    "EXPORT_NPZ": true,
    "EXPORT_FIGURES": false,
    "RANDOM_SEED": 0,
    "IMAGE_BINNING": 1,
    "INTERPOLATION": "cubic"
  },
  "cpu_info": {
    "model": "x86_64",
    "cores": 10,
    "os": "Linux 6.6.87.2-microsoft-standard-WSL2"
  },
  "gpu_info": null,
  "timings": {
    "A_data_load_s": 0.07693736900000658,
    "B_dic_setup_s": 0.9849961520000079,
    "C_precompute_s": 1.2215073269999976,
    "D_warmup_s": 0.5145831770000058,
    "E_solve_total_s": 6.035145706999998,
    "F_strain_s": 0.0,
    "G_npz_export_s": 0.007418260999997983,
    "G_figures_export_s": 0.0,
    "H_total_s": 8.840698496999991
  },
  "indicators": {
    "indicator_solve_total_s": 6.035145706999998,
    "indicator_prep_s": 2.798024025000018,
    "indicator_frame_mean_s": 0.7543932133749998
  },
  "per_frame_s": [
    1.481217516000001,
    0.8625462269999957,
    0.6278322920000079,
    0.5434992819999991,
    0.6479819730000003,
    0.6181116180000004,
    0.6541594739999965,
    0.5997973249999973
  ],
  "per_frame_mean_s": 0.7543932133749998,
  "per_frame_std_s": 0.2881638585250221,
  "per_frame_total_s": 6.035145706999998
}