Step,CPU_s,GPU_s,Speedup
A: data load,0.165780,0.144162,1.149952
B: mesh + DIC,0.137026,0.136608,1.003061
C: precompute,30.664636,28.714716,1.067907
D: warmup,2.269661,2.820699,0.804645
E: run_dic total,16.518661,10.340000,1.597549
F: strain,0.412779,1.022978,0.403507
G: export NPZ,0.015269,0.012442,1.227199
G: export figures,0.000000,0.000000,
H: total,50.184196,43.192346,1.161877
