Step,CPU_s,GPU_s,Speedup
A: data load,0.022978,0.024223,0.948615
B: mesh + DIC,0.062999,0.057331,1.098863
C: precompute,25.507618,20.051989,1.272074
D: warmup,2.685210,2.553378,1.051631
E: run_dic total,18.397738,5.980588,3.076242
F: strain,0.440108,0.894120,0.492224
G: export NPZ,0.000766,0.000674,1.136602
G: export figures,0.000000,0.000000,
H: total,47.117739,29.562599,1.593829
